Nó,Nome do Artista,Gênero,Comunidade
eP2A1,ATTLAS,Electronic,0
laQjA,LOLO ZOUAÏ,Pop,1
LKK4w,wuki,Electronic,2
DBkNm,Ricky Vaughn,Moombahton,1
E2O1R,Disclosure,Electronic,2
no36v,sober rob,Electronic,3
rGmW9,Baauer,House,1
DrZPN,zeke,Electronic,0
eGGlx,tsuruda,Hip-Hop/Rap,3
DXQ6R,Alina Baraz,R&B/Soul,2
D7Mgn,MR•CAR/\\ACK,Experimental,2
eAZl3,Skrillex,Electronic,2
DXQ27,RUSS,Hip-Hop/Rap,3
DrrxY,DIRTY AUDIO,Trap,0
n6aEQ,Slow Magic,Electronic,3
L52zJ,Miquela,Pop,3
oYxjv,Lil HBK,Hip-Hop/Rap,4
PX57p,Morris the Friend,Pop,4
QxKw3,HOS ,Tech House,4
ePBb7,Bonfire بابا ☔,Pop,0
LMYJB,RL Grime,Electronic,3
2p2jp,angelbaby,Pop,4
naorD,The Music Blender,Pop,3
2dQvZ,Steve Aoki,Electronic,1
nlr0O,Xan  Griffin,Pop,0
nlGNe,Brownies & Lemonade,Electronic,2
OP63z,Weezer,Alternative,1
nVPPD,Sasha Rome,House,0
Dy4vX, KEVIN BEDFORD,Pop,4
nd3me,Mack Jugo,R&B/Soul,0
LKgJO,Madjin Bea,Electronic,0
eGolm,Boys Noize,Disco,3
D9RPG,Dome of Doom,Electronic,3
n3by0,Maluñez,Moombahton,0
nkwv1,RAC,Electronic,2
XlJby,Zedd,Electronic,2
8zO8a,dillonfrancis,Electronic,2
ebaKk,Masego,R&B/Soul,2
LMdyZ,kayzo,Drum & Bass,3
noOR2,Ryck Jane,Hip-Hop/Rap,0
nqkyB,Black Carl!,Electronic,0
d9MgP,Drippies™,Electronic,4
DNwA0,Five Foot Short,House,1
3BP7M,mija,Electronic,4
Lj0ae,KUMO Collective,Pop,3
VvGP9,Powfu,Hip-Hop/Rap,1
eJ57D,Unknown,Unknown,3
LKwjz,Unknown,Unknown,2
DvwQK,Unknown,Unknown,2
n1dNy,Unknown,Unknown,3
DNAO8,Unknown,Unknown,2
Wem1e,Unknown,Unknown,3
nk3pn,Unknown,Unknown,2
lzwQ6,Unknown,Unknown,0
LwvJr,Unknown,Unknown,2
w7zEZ,Unknown,Unknown,0
aA9vz,Unknown,Unknown,0
ng7Mp,Unknown,Unknown,3
ePqjN,Unknown,Unknown,0
D7437,Unknown,Unknown,0
7eP5n,Unknown,Unknown,3
DEy6R,Unknown,Unknown,3
nkAND,Unknown,Unknown,3
QbmPv,Unknown,Unknown,0
LWk1l,Unknown,Unknown,3
Dv0Y8,Unknown,Unknown,0
eA8qD,Unknown,Unknown,2
eGVKw,Unknown,Unknown,3
eYpRp,Unknown,Unknown,3
4A8Ja,Unknown,Unknown,3
KE95r,Unknown,Unknown,0
51NP2,Unknown,Unknown,3
LjX4Z,Unknown,Unknown,3
4AmGy,Unknown,Unknown,0
eP795,Unknown,Unknown,3
7lN8g,Unknown,Unknown,0
DNK1w,Unknown,Unknown,0
nVVEr,Unknown,Unknown,3
Qx36v,Unknown,Unknown,0
DOmwz,Unknown,Unknown,0
ML51L,Unknown,Unknown,3
eYAdW,Unknown,Unknown,0
n0m9m,Unknown,Unknown,0
2d8GZ,Unknown,Unknown,0
nlkQe,Unknown,Unknown,0
DyNPe,Unknown,Unknown,0
DO1l4,Unknown,Unknown,0
g6rJx,Unknown,Unknown,0
aAkGz,Unknown,Unknown,0
WQ2Kj,Unknown,Unknown,0
ZO89E,Unknown,Unknown,0
emxNp,Unknown,Unknown,0
JZvm7,Unknown,Unknown,0
5QdZM,Unknown,Unknown,0
k4zQV,Unknown,Unknown,0
noMV5,Unknown,Unknown,0
KEWxy,Unknown,Unknown,1
6b5aE,Unknown,Unknown,1
06vg9,Unknown,Unknown,1
eY9me,Unknown,Unknown,3
b44gk0J,Unknown,Unknown,1
VPmpa,Unknown,Unknown,3
g493y2p,Unknown,Unknown,1
JEd6Y,Unknown,Unknown,0
YZyXK,Unknown,Unknown,0
bQ3Kk,Unknown,Unknown,1
3AOQE,Unknown,Unknown,1
n14by,Unknown,Unknown,1
PWQER,Unknown,Unknown,0
PWYXk,Unknown,Unknown,1
d0G2zEM,Unknown,Unknown,4
OW22v,Unknown,Unknown,1
MaBlQ,Unknown,Unknown,1
n05l2,Unknown,Unknown,1
D8xrm,Unknown,Unknown,1
y7KPx,Unknown,Unknown,1
NY4k4,Unknown,Unknown,1
D9kgj,Unknown,Unknown,1
nddY2,Unknown,Unknown,1
p08XX,Unknown,Unknown,1
2lp1Z,Unknown,Unknown,4
GYOAv,Unknown,Unknown,1
PbAK7,Unknown,Unknown,1
Mw4aj,Unknown,Unknown,1
Y2ENJ,Unknown,Unknown,1
Wa7EZ,Unknown,Unknown,2
eGEam,Unknown,Unknown,2
dEKBy,Unknown,Unknown,4
eA2kn,Unknown,Unknown,2
e4xA0,Unknown,Unknown,2
qEBZP,Unknown,Unknown,3
j4Zw1,Unknown,Unknown,2
nlz4K,Unknown,Unknown,2
DBaRj,Unknown,Unknown,2
n318D,Unknown,Unknown,2
nogRn,Unknown,Unknown,3
Og1gz,Unknown,Unknown,3
n0M1m,Unknown,Unknown,3
nd6JD,Unknown,Unknown,2
BDNxn,Unknown,Unknown,3
Y9kOr,Unknown,Unknown,2
nQz1w,Unknown,Unknown,2
eANqn,Unknown,Unknown,3
KEWjl,Unknown,Unknown,2
eGEQw,Unknown,Unknown,2
51Bzx,Unknown,Unknown,3
n0bAK,Unknown,Unknown,2
n0Owm,Unknown,Unknown,3
noyXv,Unknown,Unknown,3
LwP92,Unknown,Unknown,3
LKkZl,Unknown,Unknown,3
dRkgKX5,Unknown,Unknown,2
Nz7aQ,Unknown,Unknown,1
DyZre,Unknown,Unknown,0
k4kXK,Unknown,Unknown,0
JZ5m2,Unknown,Unknown,0
qEbN2,Unknown,Unknown,0
KKzM9,Unknown,Unknown,1
DBXOQ,Unknown,Unknown,1
79wj9,Unknown,Unknown,1
DN0qN,Unknown,Unknown,1
4j29j,Unknown,Unknown,1
d0Q4K,Unknown,Unknown,1
ndwYP,Unknown,Unknown,1
LM5RG,Unknown,Unknown,1
DNKaw,Unknown,Unknown,1
k46dB,Unknown,Unknown,1
PQqjm,Unknown,Unknown,1
ezmW7,Unknown,Unknown,1
eYvdm,Unknown,Unknown,1
DvKEO,Unknown,Unknown,1
lebQD,Unknown,Unknown,1
b9w8J,Unknown,Unknown,2
QdPG3,Unknown,Unknown,2
LKoOz,Unknown,Unknown,2
y4xBd,Unknown,Unknown,2
PWBYp,Unknown,Unknown,2
7JAoA,Unknown,Unknown,2
PWY7x2X,Unknown,Unknown,2
v64Km,Unknown,Unknown,2
rbjXGz,Unknown,Unknown,2
0EoAm,Unknown,Unknown,2
PgmXk,Unknown,Unknown,2
39rjJ,Unknown,Unknown,2
MRPvx,Unknown,Unknown,2
pmjX0,Unknown,Unknown,2
R8NW1,Unknown,Unknown,2
5QBqX,Unknown,Unknown,3
D9KOn,Unknown,Unknown,3
nodYX,Unknown,Unknown,2
D9Rw2,Unknown,Unknown,3
DX2vJ,Unknown,Unknown,3
rmk5g,Unknown,Unknown,1
AaqAm,Unknown,Unknown,1
a7BPr,Unknown,Unknown,1
la0bQ,Unknown,Unknown,0
ZOkaq,Unknown,Unknown,1
Ma03Z,Unknown,Unknown,4
Lx06z,Unknown,Unknown,4
v70Ym,Unknown,Unknown,0
xdxY3,Unknown,Unknown,0
e4wbD,Unknown,Unknown,2
nQ2OW,Unknown,Unknown,3
ez2Yw,Unknown,Unknown,3
nVjaQ,Unknown,Unknown,3
n33PV,Unknown,Unknown,3
DvKNm,Unknown,Unknown,2
ndxm0,Unknown,Unknown,2
BJx8p,Unknown,Unknown,2
KERvB,Unknown,Unknown,2
RKyPK,Unknown,Unknown,2
k4M8jYX,Unknown,Unknown,2
eAE0q,Unknown,Unknown,2
VvVZy,Unknown,Unknown,2
92pPakO,Unknown,Unknown,2
qE4xa,Unknown,Unknown,2
laXAN,Unknown,Unknown,2
bpjKX,Unknown,Unknown,2
5j9VM,Unknown,Unknown,2
LWVvn,Unknown,Unknown,2
nkpjL,Unknown,Unknown,2
w7Pjj,Unknown,Unknown,2
DNRYD,Unknown,Unknown,2
n0X3V,Unknown,Unknown,2
DB0Pm,Unknown,Unknown,2
LxQm2,Unknown,Unknown,2
6EEYG,Unknown,Unknown,2
5jQz2,Unknown,Unknown,2
2nZEe,Unknown,Unknown,2
LR0Re,Unknown,Unknown,2
DOQb4,Unknown,Unknown,2
n1OXD,Unknown,Unknown,2
ng5pl,Unknown,Unknown,2
LMVGV,Unknown,Unknown,2
eAxgm,Unknown,Unknown,2
1Q523,Unknown,Unknown,2
L5gYe,Unknown,Unknown,2
RK9AK,Unknown,Unknown,2
jNmj4,Unknown,Unknown,2
em7Rj,Unknown,Unknown,2
v7VQz,Unknown,Unknown,2
91Xm0,Unknown,Unknown,2
lab0K,Unknown,Unknown,2
myjNv,Unknown,Unknown,2
E2ja4,Unknown,Unknown,3
JE8Q7,Unknown,Unknown,2
bjqbW,Unknown,Unknown,2
LMJWG,Unknown,Unknown,2
p1Rd0,Unknown,Unknown,2
5QmM6,Unknown,Unknown,1
vJqQz,Unknown,Unknown,3
eJgzn,Unknown,Unknown,1
lzpN6,Unknown,Unknown,4
AxaRK,Unknown,Unknown,0
LKEQy,Unknown,Unknown,0
4W2ay,Unknown,Unknown,2
eJkd6,Unknown,Unknown,3
nqzdo,Unknown,Unknown,0
NzVblAY,Unknown,Unknown,3
eJrz0,Unknown,Unknown,0
dEypy,Unknown,Unknown,2
mlkPA,Unknown,Unknown,3
emyw1,Unknown,Unknown,3
NzMW8,Unknown,Unknown,4
D75ar,Unknown,Unknown,4
R9A8g,Unknown,Unknown,4
KKYKy,Unknown,Unknown,4
YZwJr,Unknown,Unknown,4
d9MxK,Unknown,Unknown,4
k22GV,Unknown,Unknown,4
bVgmM,Unknown,Unknown,4
nQAE1,Unknown,Unknown,4
Mwvkx,Unknown,Unknown,4
lvxkA,Unknown,Unknown,4
074GV,Unknown,Unknown,4
8279v,Unknown,Unknown,4
nQ1wv,Unknown,Unknown,4
j4qg4,Unknown,Unknown,4
92Qrj,Unknown,Unknown,4
31Z0M,Unknown,Unknown,4
kvGZw,Unknown,Unknown,4
lvZbQ,Unknown,Unknown,4
91BrM,Unknown,Unknown,4
nq6O2,Unknown,Unknown,4
lzR4Q,Unknown,Unknown,4
dE0R2,Unknown,Unknown,4
YJAyy,Unknown,Unknown,4
p9r3B,Unknown,Unknown,4
0MMZ6,Unknown,Unknown,4
79X8P,Unknown,Unknown,4
E2J9R,Unknown,Unknown,4
y863P,Unknown,Unknown,4
7lv3v,Unknown,Unknown,4
PXb2X,Unknown,Unknown,4
n3wVq,Unknown,Unknown,4
byOqP,Unknown,Unknown,4
D2Mb0,Unknown,Unknown,4
D22y3,Unknown,Unknown,4
Wxj8l,Unknown,Unknown,4
5QYvM,Unknown,Unknown,4
eY98v,Unknown,Unknown,4
RYd4R,Unknown,Unknown,4
b9KYJ,Unknown,Unknown,4
ZZEqa,Unknown,Unknown,4
j46zM,Unknown,Unknown,4
J5NXz,Unknown,Unknown,4
oY4Om,Unknown,Unknown,4
kKMK1,Unknown,Unknown,4
796Ar,Unknown,Unknown,4
XBmlq,Unknown,Unknown,4
xX6rj,Unknown,Unknown,4
d01JK,Unknown,Unknown,4
q7wwE,Unknown,Unknown,4
1j6B3,Unknown,Unknown,4
YZQwq,Unknown,Unknown,4
OW8aX,Unknown,Unknown,4
oE7o7,Unknown,Unknown,4
na33g,Unknown,Unknown,1
Y99y7Jq,Unknown,Unknown,4
k2aoN,Unknown,Unknown,4
laMKK,Unknown,Unknown,4
q5G0z,Unknown,Unknown,4
J5Qy7,Unknown,Unknown,4
KKgEw,Unknown,Unknown,4
R98GX,Unknown,Unknown,4
MV6xm,Unknown,Unknown,4
QNK8B,Unknown,Unknown,4
pl0Pz,Unknown,Unknown,4
Nkkaw,Unknown,Unknown,4
rXj8V,Unknown,Unknown,4
MgVox,Unknown,Unknown,4
zEjgw,Unknown,Unknown,4
1jZpd,Unknown,Unknown,4
VbVvN,Unknown,Unknown,4
pz3pK,Unknown,Unknown,4
W6Yq9,Unknown,Unknown,4
gY9Ak,Unknown,Unknown,4
y7Rdd,Unknown,Unknown,4
4WBYE,Unknown,Unknown,4
d0oE4,Unknown,Unknown,4
W0Ogl,Unknown,Unknown,4
KEovd2w,Unknown,Unknown,4
XOOZq,Unknown,Unknown,4
LKg0z,Unknown,Unknown,0
OgzM4,Unknown,Unknown,0
NzaBw,Unknown,Unknown,0
DEKpo,Unknown,Unknown,0
PW9qN,Unknown,Unknown,0
r49YY,Unknown,Unknown,2
eYOJ7,Unknown,Unknown,1
V4O3B,Unknown,Unknown,4
Nk1j4,Unknown,Unknown,4
X6zr1lZ,Unknown,Unknown,4
ndp6m,Unknown,Unknown,4
ELKzn,Unknown,Unknown,4
jjNOo,Unknown,Unknown,4
JZ8ko,Unknown,Unknown,4
emlW5,Unknown,Unknown,4
d9VY2,Unknown,Unknown,4
n3vY0,Unknown,Unknown,4
eJ9qp,Unknown,Unknown,4
KEWBw,Unknown,Unknown,4
aAb1E,Unknown,Unknown,4
eYoZ7,Unknown,Unknown,3
DBZjD,Unknown,Unknown,3
djxgA5,Unknown,Unknown,1
oXYpJ,Unknown,Unknown,1
jNxyG,Unknown,Unknown,1
nVNpa,Unknown,Unknown,2
nlOdQ,Unknown,Unknown,2
DXVaZ,Unknown,Unknown,2
eGNxD,Unknown,Unknown,2
e4G9D,Unknown,Unknown,2
nQzmW,Unknown,Unknown,2
8zJga,Unknown,Unknown,1
NzQB0,Unknown,Unknown,1
apN7g,Unknown,Unknown,1
lzAkA,Unknown,Unknown,4
e4Ybn,Unknown,Unknown,1
nlZNZ,Unknown,Unknown,0
nZkpa,Unknown,Unknown,0
KKjJl,Unknown,Unknown,4
e4ro4,Unknown,Unknown,1
x5gj2,Unknown,Unknown,4
B0MdQ,Unknown,Unknown,4
XO68O,Unknown,Unknown,4
emE1v,Unknown,Unknown,4
n3xRZ,Unknown,Unknown,4
lvVYQ,Unknown,Unknown,4
eP4VJ,Unknown,Unknown,4
nox57,Unknown,Unknown,4
nk0kP,Unknown,Unknown,4
apbvA,Unknown,Unknown,4
nQvB9,Unknown,Unknown,4
7O6Er,Unknown,Unknown,4
91GVk,Unknown,Unknown,0
aNyzA,Unknown,Unknown,0
eYorL,Unknown,Unknown,3
ePl6J,Unknown,Unknown,3
6EVk9g3,Unknown,Unknown,3
eboBP,Unknown,Unknown,0
DXrvZ,Unknown,Unknown,1
y7zWZ,Unknown,Unknown,2
Nzazp,Unknown,Unknown,2
8obmP,Unknown,Unknown,2
QblWV,Unknown,Unknown,2
41r84,Unknown,Unknown,2
NO8pp,Unknown,Unknown,4
9R9z9kw,Unknown,Unknown,2
Avx7v,Unknown,Unknown,2
35bGG6M,Unknown,Unknown,2
2NAQ6,Unknown,Unknown,2
Z7PAa,Unknown,Unknown,2
5KxYVXY,Unknown,Unknown,2
mzbqA,Unknown,Unknown,2
Qb8YB,Unknown,Unknown,2
GoY2j,Unknown,Unknown,2
56Apx,Unknown,Unknown,2
4oy7E,Unknown,Unknown,2
x580X,Unknown,Unknown,2
1jl3Q,Unknown,Unknown,2
1PRQd,Unknown,Unknown,3
1R0WQ,Unknown,Unknown,3
ozvzJ,Unknown,Unknown,4
W0RYk,Unknown,Unknown,4
r7BR8,Unknown,Unknown,4
nglR9,Unknown,Unknown,4
R94rR,Unknown,Unknown,4
jbWza,Unknown,Unknown,4
zKPo5,Unknown,Unknown,4
noxKR,Unknown,Unknown,1
bpbJK,Unknown,Unknown,1
2ob5d,Unknown,Unknown,1
nl5Vb,Unknown,Unknown,1
MWpwWPo,Unknown,Unknown,4
A7Yzlm,Unknown,Unknown,4
wyjdxK,Unknown,Unknown,4
z87gz,Unknown,Unknown,4
noGKg,Unknown,Unknown,4
l1RMK,Unknown,Unknown,3
vZoyO,Unknown,Unknown,1
x5l02,Unknown,Unknown,1
